2.10E+11,8.40E+11,Afends Indigo Meadow Short Sleeve Button Up Plaid Medium,23,$62.00 ,Accessories
2.10E+11,8.41E+11,Gift Card,6,$0.00 ,Men's
2.10E+11,8.41E+11,Jar Candle - Apple ''Witch,4,$10.00 ,Accessories
2.10E+11,8.41E+11,Hunter Deblanc CD Something to Hold On To,20,$10.00 ,Outerwear
2.10E+11,8.40E+11,Etching,14,$10.00 ,Accessories
2.10E+11,8.41E+11,COLLAR MULTI PAISLEY/ WHITE TIES APRON,10,$0.00 ,Women's
2.10E+11,8.41E+11,Ben Sherman L/S Button Up MA10838A Blue Depths Medium,15,$85.00 ,Women's
2.10E+11,8.41E+11,RVCA Glitch Trunk MUL 30,11,$60.00 ,Women's
2.10E+11,8.41E+11,Ben Sherman Long Sleeve Button Up MA10838A Blue Depths Small,18,$85.00 ,Outerwear
2.10E+11,8.41E+11,Small Shipping Box 9x6x4,9,$8.00 ,Accessories
2.10E+11,8.41E+11,RVCA Glitch Trunk MUL 31,6,$60.00 ,Men's
2.10E+11,8.41E+11,Ben Sherman Long Sleeve Button Up MA10838A London Brick Medium,7,$85.00 ,Men's
2.10E+11,8.41E+11,Special Order Fee,7,$15.00 ,Outerwear
2.10E+11,8.41E+11,RVCA Glitch Trunk MUL 36,16,$60.00 ,Outerwear
2.10E+11,8.41E+11,Ben Sherman Long Sleeve Button Up MA10838A London Brick Small,14,$85.00 ,Outerwear
2.10E+11,8.41E+11,RAIDER BLACK ONE,23,$59.95 ,Women's
2.10E+11,8.41E+11,Avva Long Sleeve Button Up A22143 Blue Medium,9,$95.00 ,Outerwear
2.10E+11,8.41E+11,Ben Sherman Long Sleeve Button Up MA10842A Pine Grove Small,15,$85.00 ,Outerwear
2.10E+11,8.41E+11,Goorin Bros Hat,6,$21.00 ,Men's
2.10E+11,8.41E+11,Avva Long Sleeve Button Up A22143 Blue XXX Large,4,$95.00 ,Outerwear
2.10E+11,8.41E+11,Ben Sherman Long Sleeve Button Up MA10844 Green Char Large,13,$85.00 ,Men's
2.10E+11,8.41E+11,GOBE H,10,$85.00 ,Outerwear
2.10E+11,8.41E+11,Avva Long Sleeve Button Up A422112 Black Small,11,$95.00 ,Outerwear
2.10E+11,8.41E+11,Ben Sherman Long Sleeve Button Up MA10844 Green Char Medium,16,$85.00 ,Women's
2.10E+11,8.41E+11,Nixon Ranger Chrono Leather All Black,14,$350.00 ,Accessories
2.10E+11,8.41E+11,Ben Sherman Long Sleeve Button Up MA10844 Green Char X Large,21,$85.00 ,Women's
2.10E+11,8.41E+11,Avva Long Sleeve Button Up A422112 Black XX Large,16,$95.00 ,Outerwear
2.10E+11,8.41E+11,Ben Sherman Dudley Boot Size 13,20,$180.00 ,Accessories
2.10E+11,8.41E+11,Ben Sherman Long Sleeve Button Up MA10844 Turtle Dove Small,13,$85.00 ,Men's
2.10E+11,8.41E+11,Avva Long Sleeve Button Up A422117 Green/Blue Stripes Medium,22,$95.00 ,Outerwear
2.10E+11,8.41E+11,RVCA Transfer SS RED X Small,8,$55.00 ,Women's
2.10E+11,8.41E+11,Ben Sherman Long Sleeve Button Up MA10848A Directoire Blue Small,22,$79.00 ,Accessories
2.10E+11,8.40E+11,RVCA Transfer SS RED Small,3,$55.00 ,Outerwear
2.10E+11,8.41E+11,Avva Long Sleeve Button Up A422117 Green/Blue Stripes Small,16,$95.00 ,Women's
2.10E+11,8.41E+11,Ben Sherman Long Sleeve Button Up MA10848A Directoire Blue XX Large,4,$79.00 ,Men's
2.10E+11,8.41E+11,Avva Long Sleeve Button Up A422145 Grey/Blue Large,1,$95.00 ,Women's
2.10E+11,8.41E+11,RVCA Transfer SS RED X Large,2,$55.00 ,Women's
2.10E+11,8.41E+11,Ben Sherman Long Sleeve Button Up MA10852A Blue Depths Small,14,$85.00 ,Accessories
2.10E+11,8.41E+11,RVCA Transfer SS STL Large,3,$55.00 ,Outerwear
2.10E+11,8.41E+11,Avva Long Sleeve Button Up A422145 Grey/Blue XX Large,17,$95.00 ,Women's
2.10E+11,8.41E+11,Ben Sherman Long Sleeve Button Up MA10854 Jet Black Medium,18,$89.00 ,Women's
2.10E+11,8.41E+11,RVCA Transfer SS STL X Large,20,$55.00 ,Outerwear
2.10E+11,8.41E+11,Avva Long Sleeve Button Up A422145 Grey/Blue XXX Large,22,$95.00 ,Accessories
2.10E+11,8.41E+11,Ben Sherman Long Sleeve Button Up MA10854 Jet Black Small,23,$89.00 ,Women's
2.10E+11,8.41E+11,RVCA Transfer SS STL XX Large,14,$55.00 ,Outerwear
2.10E+11,8.41E+11,Ben Sherman  Biking Red Medium,4,$85.00 ,Outerwear
2.10E+11,8.41E+11,Ben Sherman Long Sleeve Button Up MA10857A London Brick Small,13,$89.00 ,Accessories
2.10E+11,8.41E+11,RVCA Weekend Hybrid Short DKH 28,2,$50.00 ,Accessories
2.10E+11,8.41E+11,Ben Sherman  Biking Red Small,6,$85.00 ,Women's
2.10E+11,8.41E+11,Ben Sherman Long Sleeve Button Up MA10884A Peat Medium,20,$99.00 ,Accessories
2.10E+11,8.41E+11,Ben Sherman  Rifle Medium,23,$85.00 ,Women's
2.10E+11,8.41E+11,RVCA Weekend Hybrid Short DKH 31,1,$50.00 ,Women's
2.10E+11,8.41E+11,Ben Sherman Long Sleeve Button Up MA10884A Peat Small,1,$99.00 ,Outerwear
2.10E+11,8.41E+11,RVCA Weekend Hybrid Short BLK 33,3,$50.00 ,Outerwear
2.10E+11,8.41E+11,Ben Sherman  Rifle Small,17,$85.00 ,Outerwear
2.10E+11,8.41E+11,Ben Sherman Long Sleeve Button Up MA11375  Navy Blazer Small,12,$109.00 ,Men's
2.10E+11,8.41E+11,RVCA Weekend Hybrid Short DKH 36,14,$50.00 ,Accessories
2.10E+11,8.41E+11,Ben Sherman Long Sleeve Button Up MA10122 Crimson Large,13,$85.00 ,Men's
2.10E+11,8.41E+11,Brooklyn Cloth Oxford WHT Medium,23,$60.00 ,Outerwear
2.10E+11,8.41E+11,Maven Cards,11,$5.00 ,Women's
2.10E+11,8.41E+11,Ben Sherman Long Sleeve Button Up MA10122 Crimson Medium,4,$85.00 ,Outerwear
2.10E+11,8.41E+11,Brooklyn Cloth Oxford WHT Small,11,$60.00 ,Outerwear
2.10E+11,8.41E+11,Two Guys Bow tie Chicago Skyline,20,$55.00 ,Women's
2.10E+11,8.41E+11,Ben Sherman Long Sleeve Button Up MA10122 Crimson Small,9,$85.00 ,Men's
2.10E+11,8.41E+11,Civil Society Hobart Long Sleeve Button Up MCLS-973 Red Medium,21,$75.00 ,Outerwear
2.10E+11,8.41E+11,Ben Sherman Long Sleeve Button Up MA10211A Staples Navy Small,5,$90.00 ,Men's
2.10E+11,8.41E+11,Civil Society Hobart Long Sleeve Button Up MCLS-973 Red Small,9,$75.00 ,Outerwear
2.10E+11,8.41E+11,Ben Sherman Long Sleeve Button Up MA10834 Halogen Blue Small,12,$89.00 ,Men's
2.10E+11,8.41E+11,Civil Society Hobart Long Sleeve Button Up MCLS-973 Red X Large,9,$75.00 ,Outerwear
2.10E+11,8.41E+11,RVCA Tracks LS Woven VWT X Small,10,$54.00 ,Women's
2.10E+11,8.41E+11,Ben Sherman Long Sleeve Button Up MA10836A  Medieval Blue Small,4,$89.00 ,Men's
2.10E+11,8.41E+11,Civil Society Long Sleeve Button Up Oliver Indigo Large,22,$85.00 ,Outerwear
2.10E+11,8.41E+11,RVCA Tracks LS Woven VWT X Small,16,$54.00 ,Accessories
2.10E+11,8.41E+11,Ben Sherman Long Sleeve Button Up MA10836A  Medieval Blue X Large,18,$89.00 ,Accessories
2.10E+11,8.41E+11,Civil Society Long Sleeve Button Up Oliver Indigo Medium,5,$85.00 ,Men's
2.10E+11,8.41E+11,Ben Sherman Long Sleeve Button Up MA10110A Bright White Small,9,$85.00 ,Women's
2.10E+11,8.41E+11,Ben Sherman Long Sleeve Button Up MA10836A  Medieval Blue XX large,4,$89.00 ,Men's
2.10E+11,8.41E+11,Ben Sherman Long Sleeve Button Up MA10110A Bright White Medium,4,$85.00 ,Outerwear
2.10E+11,8.41E+11,Ben Sherman Long Sleeve Button Up MA10110A Bright White Large,23,$85.00 ,Outerwear
2.10E+11,8.41E+11,Civil Society Long Sleeve Button Up Oliver Indigo Small,4,$85.00 ,Men's
2.10E+11,8.41E+11,Ben Sherman Long Sleeve Button Up MA10110A Bright White X Large,14,$85.00 ,Outerwear
2.10E+11,8.41E+11,Civil Society Long Sleeve Button Up Oliver Indigo X Large,17,$85.00 ,Accessories
2.10E+11,8.41E+11,Ben Sherman Long Sleeve Button Up MA10110A Bright White XX Large,16,$85.00 ,Men's
2.10E+11,8.41E+11,Civil Society Long Sleeve Button Up MCLS-972 Beacon Green Medium,18,$75.00 ,Outerwear
2.10E+11,8.41E+11,Civil Society Shefield WHT X Large,2,$75.00 ,Outerwear
2.10E+11,8.41E+11,Ben Sherman Long Sleeve Button Up MA10110A Directoire Blue Small,13,$85.00 ,Accessories
2.10E+11,8.41E+11,Civil Society Long Sleeve Button Up MCLS-972 Beacon Green X Large,2,$75.00 ,Women's
2.10E+11,8.41E+11,District 91 Long Sleeve Button Up Phantom Large,4,$80.00 ,Women's
2.10E+11,8.41E+11,Farah Vintage TUDOR SLM LS F4WS5081 lava red S,23,$90.00 ,Men's
2.10E+11,8.41E+11,Ben Sherman Long Sleeve Button Up MA10110A Directoire Blue Medium,9,$85.00 ,Accessories
2.10E+11,8.41E+11,District 91 Long Sleeve Button Up Phantom Medium,9,$80.00 ,Accessories
2.10E+11,8.41E+11,Farah Vintage TUDOR SLM LS F4WS5081 lava red M,3,$90.00 ,Accessories
2.10E+11,8.41E+11,Ben Sherman Long Sleeve Button Up MA10110A Directoire Blue Large,12,$85.00 ,Women's
2.10E+11,8.41E+11,District 91 Long Sleeve Button Up Phantom Small,14,$80.00 ,Outerwear
2.10E+11,8.41E+11,Farah Vintage TUDOR SLM LS F4WS5081 lava red L,21,$90.00 ,Outerwear
2.10E+11,8.41E+11,Ben Sherman Long Sleeve Button Up MA10110A Directoire Blue X Large,22,$85.00 ,Outerwear
2.10E+11,8.41E+11,District 91 Long Sleeve Button Up Phantom X Large,9,$80.00 ,Outerwear
2.10E+11,8.41E+11,Farah Vintage TUDOR SLM LS F4WS5081 lava red XL,5,$90.00 ,Accessories
2.10E+11,8.41E+11,Ben Sherman Long Sleeve Button Up MA10110A Directoire Blue XX Large,1,$85.00 ,Women's
2.10E+11,8.41E+11,District 91 Papa's Long Sleeve Button Up Black Medium,23,$68.00 ,Women's
2.10E+11,8.41E+11,Farah Vintage CUDBY SLIM LS BD F4WS5095 Clematis S,19,$95.00 ,Outerwear
2.10E+11,8.41E+11,Ben Sherman L/S Button Up  Claret Red Small,11,$89.00 ,Accessories
2.10E+11,8.41E+11,Farah Vintage  Black X Large,5,$85.00 ,Outerwear
2.10E+11,8.41E+11,Ben Sherman L/S Button Up  Claret Red Medium,2,$89.00 ,Accessories
2.10E+11,8.41E+11,Farah Vintage CUDBY SLIM LS BD F4WS5095 Clematis M,21,$95.00 ,Women's
2.10E+11,8.41E+11,Farah Vintage Long Sleeve Button Up F4WF4037 Bordeaux Medium,12,$90.00 ,Accessories
2.10E+11,8.41E+11,Farah Vintage CUDBY SLIM LS BD F4WS5095 Clematis L,21,$95.00 ,Accessories
2.10E+11,8.41E+11,Ben Sherman L/S Button Up  Claret Red Large,6,$89.00 ,Outerwear
2.10E+11,8.40E+11,Globe Birch Shirt Long Sleeve Button Up GRY Medium,22,$75.00 ,Men's
2.10E+11,8.41E+11,Ben Sherman Long Sleeve Button Up MA11369 Spearmint Small,10,$89.00 ,Women's
2.10E+11,8.41E+11,Farah Vintage CUDBY SLIM LS BD F4WS5095 Clematis XL,4,$95.00 ,Women's
2.10E+11,8.41E+11,Globe Goodstock Oxford  Plum Small,21,$60.00 ,Women's
2.10E+11,8.41E+11,Nixon Torque Crew Indigo Indigo S,14,$65.00 ,Accessories
2.10E+11,8.41E+11,Ben Sherman Long Sleeve Button Up MA11369 Spearmint Medium,14,$89.00 ,Men's
2.10E+11,8.41E+11,Globe Goodstock Oxford  Plum X Large,12,$60.00 ,Women's
2.10E+11,8.41E+11,Nixon Torque Crew Indigo Indigo M,13,$65.00 ,Accessories
2.10E+11,8.41E+11,Ben Sherman Long Sleeve Button Up MA11369 Spearmint Large,21,$89.00 ,Men's
2.10E+11,8.41E+11,Howe Any Fun Long Sleeve Button Up Navy Small,21,$89.00 ,Women's
2.10E+11,8.41E+11,Nixon Torque Crew Indigo Indigo L,6,$65.00 ,Accessories
2.10E+11,8.41E+11,Howe Diamond Rain Long Sleeve Button Up Military Blue Small,17,$89.00 ,Outerwear
2.10E+11,8.41E+11,Ben Sherman Long Sleeve Button Up MA11369 Spearmint X Large,22,$89.00 ,Women's
2.10E+11,8.41E+11,Nixon Torque Crew Indigo Indigo XL,9,$65.00 ,Men's
2.10E+11,8.41E+11,Howe Diamond Rain Long Sleeve Button Up Military Blue X Large,5,$89.00 ,Men's
2.10E+11,8.41E+11,Ben Sherman Long Sleeve Button Up MA11369 Spearmint XX Large,15,$89.00 ,Accessories
2.10E+11,8.41E+11,Farah Vintage Tobiah Long Sleeve Button Up Sea Foam Small,8,$95.00 ,Outerwear
2.10E+11,8.41E+11,Howe Ground Swell Long Sleeve Button Up Baked Eggplant Small,5,$89.00 ,Women's
2.10E+11,8.41E+11,Ben Sherman Long Sleeve Button Up MA11388A Off White X Small,4,$85.00 ,Men's
2.10E+11,8.41E+11,Farah Vintage Tobiah Long Sleeve Button Up Sea Foam Medium,6,$95.00 ,Women's
2.10E+11,8.41E+11,Howe Houdini Long Sleeve Button Up Black Small,3,$89.00 ,Accessories
2.10E+11,8.41E+11,Ben Sherman Long Sleeve Button Up MA11388A Off White Small,17,$85.00 ,Accessories
2.10E+11,8.41E+11,Farah Vintage Tobiah Long Sleeve Button Up Sea Foam Large,19,$95.00 ,Outerwear
2.10E+11,8.41E+11,Howe Long Sleeve Button Up Bezerk Black Large,20,$99.00 ,Women's
2.10E+11,8.41E+11,Ben Sherman Long Sleeve Button Up MA11388A Off White Medium,21,$85.00 ,Outerwear
2.10E+11,8.41E+11,Farah Vintage Tobiah Long Sleeve Button Up Sea Foam X Large,19,$95.00 ,Accessories
2.10E+11,8.41E+11,Howe Long Sleeve Button Up Bezerk Black Medium,18,$99.00 ,Men's
2.10E+11,8.41E+11,Ben Sherman Long Sleeve Button Up MA11388A Off White Large,18,$85.00 ,Women's
2.10E+11,8.41E+11,Farah Vintage Tobiah Long Sleeve Button Up True Navy Small,2,$95.00 ,Women's
2.10E+11,8.41E+11,Howe Long Sleeve Button Up Bezerk Black Small,16,$99.00 ,Outerwear
2.10E+11,8.41E+11,Civil Society Long Sleeve Button Up MCLS-972 Beacon Green Small,6,$75.00 ,Accessories
2.10E+11,8.41E+11,Farah Vintage Tobiah Long Sleeve Button Up True Navy Medium,14,$95.00 ,Men's
2.10E+11,8.41E+11,Howe Long Sleeve Button Up Bezerk Black X Large,13,$99.00 ,Outerwear
2.10E+11,8.41E+11,Farah Vintage Tobiah Long Sleeve Button Up True Navy Large,12,$95.00 ,Outerwear
2.10E+11,8.41E+11,Lifetime Collective Barnacle Long Sleeve Button Up BLCB Large,15,$85.00 ,Men's
2.10E+11,8.41E+11,Farah Vintage Tobiah Long Sleeve Button Up True Navy X Large,9,$95.00 ,Men's
2.10E+11,8.41E+11,Lifetime Collective Barnacle Long Sleeve Button Up BLCB Small,1,$85.00 ,Men's
2.10E+11,8.41E+11,Globe Birch Shirt Long Sleeve Button Up GRY XL,18,$75.00 ,Men's
2.10E+11,8.41E+11,Lifetime Collective Barnacle Long Sleeve Button Up BLCB X Large,2,$85.00 ,Men's
2.10E+11,8.41E+11,Lifetime Collective Harvest Long Sleeve Button Up BLPC Small,9,$80.00 ,Outerwear
2.10E+11,8.41E+11,RVCA Satisfaction  VAN X SMALL,2,$60.00 ,Men's
2.10E+11,8.41E+11,Nixon Shepard Long Sleeve Button Up Charcoal Large,19,$70.00 ,Outerwear
2.10E+11,8.41E+11,RVCA Satisfaction  VAN SMALL,19,$60.00 ,Accessories
2.10E+11,8.41E+11,Oxford Lads Long Sleeve Button Up SS15-013 Blue Zig Zag Large,12,$89.00 ,Women's
2.10E+11,8.41E+11,Oxford Lads Long Sleeve Button Up SS15-013 Blue Zig Zag X Large,22,$89.00 ,Outerwear
2.10E+11,8.41E+11,Oxford Lads Long Sleeve Button Up SS15-013 Blue Zig Zag X Small,18,$89.00 ,Men's
2.10E+11,8.41E+11,Copy of Ben Sherman Space Dye Plain Medieval Blue Medium,19,$0.00 ,Men's
2.10E+11,8.41E+11,Farah Garrison L/S Large,10,$95.00 ,Accessories
2.10E+11,8.41E+11,Oxford Lads Long Sleeve Button Up SS15-091 White Small,1,$109.00 ,Men's
2.10E+11,8.41E+11,Copy of Ben Sherman Space Dye Plain Medieval Blue Large,7,$0.00 ,Accessories
2.10E+11,8.41E+11,Farah Garrison L/S X-Large,13,$0.00 ,Accessories
2.10E+11,8.41E+11,Copy of Ben Sherman Space Dye Plain Medieval Blue X Large,21,$0.00 ,Outerwear
2.10E+11,8.41E+11,Oxford Lads Long Sleeve Button Up SS15-091 White X Large,4,$109.00 ,Women's
2.10E+11,8.41E+11,Farah Maltby L/S Medium,5,$95.00 ,Outerwear
2.10E+11,8.41E+11,Ben Sherman LS Button Up MA11356A Medieval Blue Medium,1,$85.00 ,Men's
2.10E+11,8.41E+11,Oxford Lads Long Sleeve Button Up SS15-091 White X Small,6,$109.00 ,Men's
2.10E+11,8.41E+11,Farah Maltby L/S Large,6,$95.00 ,Outerwear
2.10E+11,8.41E+11,Ben Sherman LS Button Up MA11356A Medieval Blue Small,3,$85.00 ,Men's
2.10E+11,8.41E+11,RVCA Fission Long Sleeve Button Up ARC Small,20,$58.00 ,Accessories
2.10E+11,8.41E+11,Ben Sherman LS Button Up MA11356A Medieval Blue Large,5,$85.00 ,Men's
2.10E+11,8.41E+11,Farah Maltby L/S X-Large,14,$95.00 ,Accessories
2.10E+11,8.41E+11,Ben Sherman LS Button Up MA11356A Medieval Blue X Large,19,$85.00 ,Men's
2.10E+11,8.41E+11,RVCA Fission Long Sleeve Button Up ARC XX Large,8,$58.00 ,Accessories
2.10E+11,8.41E+11,Farah Maltby L/S X-Small,6,$95.00 ,Accessories
2.10E+11,8.41E+11,Ben Sherman LS Button Up MA11356A Medieval Blue XX Large,18,$85.00 ,Outerwear
2.10E+11,8.41E+11,RVCA Oil Rag Plaid Long Sleeve Button Up KET X Small,22,$54.00 ,Women's
2.10E+11,8.41E+11,Farah Maltby L/S Small,5,$95.00 ,Women's
2.10E+11,8.41E+11,Ben Sherman LS Engineered Check Dawn Red Small,3,$119.00 ,Outerwear
2.10E+11,8.41E+11,RVCA Revival Long Sleeve  Blk Medium,3,$54.00 ,Accessories
2.10E+11,8.41E+11,Farah Maltby L/S XX-Large,18,$95.00 ,Women's
2.10E+11,8.41E+11,Ben Sherman LS Engineered Check Dawn Red Medium,7,$119.00 ,Men's
2.10E+11,8.41E+11,RVCA Revival Long Sleeve  Blk X Small,23,$54.00 ,Outerwear
2.10E+11,8.41E+11,Ben Sherman House Gingham MA11362A Off White Small,15,$79.00 ,Men's
2.10E+11,8.41E+11,Ben Sherman LS Engineered Check Dawn Red Large,7,$119.00 ,Women's
2.10E+11,8.41E+11,RVCA Revival Long Sleeve  DMI Small,19,$54.00 ,Men's
2.10E+11,8.41E+11,Ben Sherman House Gingham MA11362A Off White Large,21,$79.00 ,Outerwear
2.10E+11,8.41E+11,Ben Sherman LS Engineered Check Dawn Red X Large,2,$119.00 ,Men's
2.10E+11,8.41E+11,RVCA Revival Long Sleeve  DMI X Large,2,$54.00 ,Outerwear
2.10E+11,8.41E+11,Ben Sherman House Gingham MA11362A Off White X-Large,15,$79.00 ,Women's
2.10E+11,8.41E+11,Ben Sherman LS Engineered Check Dawn Red XX Large,13,$119.00 ,Outerwear
2.10E+11,8.41E+11,RVCA Revival Long Sleeve  DMI X Small,15,$54.00 ,Women's
2.10E+11,8.41E+11,Ben Sherman House Gingham MA11362A Off White XX-Large,17,$79.00 ,Women's
2.10E+11,8.41E+11,Ben Sherman House Gingham MA11362A Off White Medium,23,$79.00 ,Men's
2.10E+11,8.41E+11,Howe Hideaway L/s Small,4,$89.00 ,Men's
2.10E+11,8.41E+11,RVCA Revival Long Sleeve  RDE Large,4,$54.00 ,Accessories
2.10E+11,8.41E+11,Howe Hideaway L/s Medium,17,$89.00 ,Accessories
2.10E+11,8.41E+11,Shoreditch Blue Check L/S Small,18,$105.00 ,Men's
2.10E+11,8.41E+11,RVCA Revival Long Sleeve  RDE Medium,16,$54.00 ,Women's
2.10E+11,8.41E+11,Howe Hideaway L/s Large,20,$89.00 ,Women's
2.10E+11,8.41E+11,Shoreditch Blue Check L/S Medium,17,$105.00 ,Outerwear
2.10E+11,8.41E+11,RVCA Revival Long Sleeve  RDE Small,21,$54.00 ,Men's
2.10E+11,8.41E+11,Howe Hideaway L/s X-Large,3,$89.00 ,Outerwear
2.10E+11,8.41E+11,Shoreditch Blue Check L/S Large,7,$105.00 ,Men's
2.10E+11,8.41E+11,RVCA Revival Long Sleeve  RDE X Small,14,$54.00 ,Accessories
2.10E+11,8.41E+11,Farah Milsom LS X-Small,20,$95.00 ,Women's
2.10E+11,8.41E+11,Shoreditch Blue Check L/S X-Large,2,$105.00 ,Women's
2.10E+11,8.41E+11,RVCA That'll Do Oxford Long Sleeve WHT Medium,21,$54.00 ,Women's
2.10E+11,8.41E+11,Farah Milsom LS Medium,1,$95.00 ,Women's
2.10E+11,8.41E+11,Shoreditch Grey Geo Panel L/s Small,15,$105.00 ,Men's
2.10E+11,8.41E+11,RVCA That'll Do Oxford Long Sleeve WHT XX Large,21,$54.00 ,Outerwear
2.10E+11,8.41E+11,Farah Milsom LS Small,22,$95.00 ,Women's
2.10E+11,8.41E+11,Shoreditch Grey Geo Panel L/s Medium,5,$105.00 ,Outerwear
2.10E+11,8.41E+11,RVCA Tracks LS Woven VWT Medium,17,$54.00 ,Outerwear
2.10E+11,8.41E+11,Farah Milsom LS Large,12,$95.00 ,Women's
2.10E+11,8.41E+11,Shoreditch Grey Geo Panel L/s Large,9,$105.00 ,Men's
2.10E+11,8.41E+11,RVCA Tracks LS Woven VWT Small,2,$54.00 ,Women's
2.10E+11,8.41E+11,Farah Milsom LS X-Large,11,$95.00 ,Outerwear
2.10E+11,8.41E+11,Shoreditch Grey Geo Panel L/s X-Large,20,$105.00 ,Men's
2.10E+11,8.41E+11,RVCA Tracks LS Woven VWT X large,20,$54.00 ,Accessories
2.10E+11,8.41E+11,Farah Garrison L/S X-Small,22,$95.00 ,Women's
2.10E+11,8.41E+11,Shoreditch Concealed Button Poplin L/S Small,18,$85.00 ,Women's
2.10E+11,8.41E+11,Farah Garrison L/S Small,6,$95.00 ,Outerwear
2.10E+11,8.41E+11,Shoreditch Concealed Button Poplin L/S Medium,2,$85.00 ,Women's
2.10E+11,8.41E+11,Farah Garrison L/S Medium,12,$95.00 ,Men's
2.10E+11,8.41E+11,Shoreditch Concealed Button Poplin L/S Large,18,$85.00 ,Men's
2.10E+11,8.41E+11,RVCA Satisfaction  VAN MEDIUM,3,$60.00 ,Men's
2.10E+11,8.41E+11,Shoreditch Concealed Button Poplin L/S Large,2,$85.00 ,Men's
2.10E+11,8.41E+11,RVCA Satisfaction  VAN LARGE,21,$60.00 ,Accessories
2.10E+11,8.41E+11,RVCA Satisfaction  VAN X LARGE,14,$60.00 ,Outerwear
2.10E+11,8.41E+11,RNT23 L/S Button Down 4716 Red Squares Medium,4,$105.00 ,Accessories
2.10E+11,8.41E+11,Ben Sherman Space Dye LS Royal Blue Small,9,$89.00 ,Outerwear
2.10E+11,8.41E+11,RNT23 L/S Button Down 4716 Red Squares Large,7,$105.00 ,Men's
2.10E+11,8.41E+11,Billabong Shifty Woven Dark Gold X Large,12,$54.95 ,Men's
2.10E+11,8.41E+11,RNT23 L/S Button Down 4716 Red Squares X-Large,12,$105.00 ,Accessories
2.10E+11,8.41E+11,Ben Sherman Space Dye LS Royal Blue X-Small,20,$89.00 ,Accessories
2.10E+11,8.41E+11,Billabong Shifty Woven Dark Gold XX Large,8,$54.95 ,Men's
2.10E+11,8.41E+11,RNT23 L/S Button Down 4716 White Print 1 XX-Large,22,$105.00 ,Outerwear
2.10E+11,8.40E+11,Ben Sherman Space Dye LS Royal Blue Medium,9,$89.00 ,Men's
2.10E+11,8.41E+11,RVCA SMOOTHED OUT S/S Navy X SMALL,10,$50.00 ,Men's
2.10E+11,8.41E+11,RNT23 L/S Button Down 4716 White Print 3 XX-Large,17,$105.00 ,Men's
2.10E+11,8.41E+11,Ben Sherman Space Dye LS Royal Blue Large,12,$89.00 ,Accessories
2.10E+11,8.41E+11,RVCA SMOOTHED OUT S/S Navy SMALL,21,$50.00 ,Accessories
2.10E+11,8.41E+11,Ben Sherman Space Dye LS Royal Blue X-Large,10,$89.00 ,Men's
2.10E+11,8.41E+11,RVCA SMOOTHED OUT S/S Navy MEDIUM,13,$50.00 ,Accessories
2.10E+11,8.41E+11,Afends Indigo Meadow Short Sleeve Button Up Plaid Small,2,$65.00 ,Women's
2.10E+11,8.41E+11,Ben Sherman Space Dye LS Royal Blue XX-Large,20,$89.00 ,Men's
2.10E+11,8.41E+11,RVCA SMOOTHED OUT S/S Navy LARGE,22,$50.00 ,Men's
2.10E+11,8.41E+11,Oxford Lads Short Sleeve Button Up SS15-026 Embroidered Blue Small,10,$79.00 ,Men's
2.10E+11,8.41E+11,Ben Sherman Space Dye LS Military Green X-Small,20,$89.00 ,Outerwear
2.10E+11,8.41E+11,RVCA SMOOTHED OUT S/S Navy X LARGE,14,$50.00 ,Outerwear
2.10E+11,8.41E+11,Oxford Lads Short Sleeve Button Up SS15-026 Embroidered Blue X Large,18,$79.00 ,Women's
2.10E+11,8.41E+11,Ben Sherman Space Dye LS Military Green Small,23,$89.00 ,Outerwear
2.10E+11,8.41E+11,RVCA Cubano BLK X SMALL,22,$55.00 ,Outerwear
2.10E+11,8.41E+11,Ben Sherman Space Dye LS Military Green Medium,21,$89.00 ,Men's
2.10E+11,8.41E+11,Oxford Lads Short Sleeve Button Up SS15-103  Flower Print Large,7,$79.00 ,Accessories
2.10E+11,8.41E+11,RVCA Cubano BLK SMALL,12,$55.00 ,Men's
2.10E+11,8.41E+11,Oxford Lads Short Sleeve Button Up SS15-103  Flower Print Small,20,$79.00 ,Women's
2.10E+11,8.41E+11,Ben Sherman Space Dye LS Military Green Large,17,$89.00 ,Outerwear
2.10E+11,8.41E+11,RVCA Cubano BLK MEDIUM,20,$55.00 ,Men's
2.10E+11,8.41E+11,Oxford Lads Short Sleeve Button Up SS15-103  Flower Print X Large,8,$79.00 ,Men's
2.10E+11,8.41E+11,Ben Sherman Space Dye LS Military Green X-Large,1,$89.00 ,Outerwear
2.10E+11,8.41E+11,RVCA Cubano BLK LARGE,13,$55.00 ,Men's
2.10E+11,8.41E+11,Oxford Lads Short Sleeve Button Up SS15-103  Flower Print X Small,16,$79.00 ,Outerwear
2.10E+11,8.41E+11,Ben Sherman Space Dye LS Military Green XX-Large,10,$89.00 ,Men's
2.10E+11,8.41E+11,RVCA Cubano BLK X LARGE,21,$55.00 ,Accessories
2.10E+11,8.41E+11,RVCA Revival Short Sleeve Button Up VAN Small,8,$49.50 ,Men's
2.10E+11,8.41E+11,Ben Sherman House Dobby  Small,23,$99.00 ,Women's
2.10E+11,8.41E+11,Oxford Lads Multi Size Wheels SS  Multi Color Print X Small,12,$90.00 ,Women's
2.10E+11,8.41E+11,RVCA Revival Short Sleeve Button Up VAN X Large,8,$49.50 ,Women's
2.10E+11,8.41E+11,Ben Sherman House Dobby  Medium,3,$99.00 ,Men's
2.10E+11,8.41E+11,Oxford Lads Multi Size Wheels SS  Multi Color Print Small,20,$90.00 ,Men's
2.10E+11,8.41E+11,RVCA Revival Short Sleeve Button Up VAN XX Large,17,$49.50 ,Women's
2.10E+11,8.41E+11,Ben Sherman House Dobby  Large,20,$99.00 ,Men's
2.10E+11,8.41E+11,Oxford Lads Multi Size Wheels SS  Multi Color Print Medium,8,$90.00 ,Outerwear
2.10E+11,8.41E+11,Ben Sherman Short Sleeve Button Up MA11554A Sky Blue X Small,23,$79.00 ,Outerwear
2.10E+11,8.41E+11,Ben Sherman House Dobby  X-Large,14,$99.00 ,Outerwear
2.10E+11,8.41E+11,Oxford Lads Multi Size Wheels SS  Multi Color Print Large,23,$90.00 ,Outerwear
2.10E+11,8.41E+11,Ben Sherman Short Sleeve Button Up MA11554A Sky Blue Small,10,$79.00 ,Accessories
2.10E+11,8.41E+11,Ben Sherman House Dobby  XX-Large,6,$99.00 ,Accessories
2.10E+11,8.41E+11,Oxford Lads Multi Size Wheels SS  Multi Color Print X Large,23,$90.00 ,Women's
2.10E+11,8.41E+11,Ben Sherman Space Dye Plain Medieval Blue Small,6,$15.00 ,Women's
2.10E+11,8.41E+11,Ben Sherman Short Sleeve Button Up MA11554A Sky Blue Medium,21,$79.00 ,Women's
2.10E+11,8.41E+11,Oxford Lads Grey Stripe SS Grey Stripe X Small,17,$85.00 ,Accessories
2.10E+11,8.41E+11,Ben Sherman Space Dye Plain Medieval Blue Medium,16,$0.00 ,Men's
2.10E+11,8.41E+11,Ben Sherman Short Sleeve Button Up MA11554A Sky Blue Large,9,$79.00 ,Men's
2.10E+11,8.41E+11,Oxford Lads Grey Stripe SS Grey Stripe Small,4,$85.00 ,Accessories
2.10E+11,8.41E+11,Ben Sherman Space Dye Plain Medieval Blue Large,22,$95.00 ,Accessories
2.10E+11,8.41E+11,Oxford Lads Grey Stripe SS Grey Stripe Medium,15,$85.00 ,Outerwear
2.10E+11,8.41E+11,Ben Sherman Short Sleeve Button Up MA11554A Sky Blue X Large,23,$79.00 ,Men's
2.10E+11,8.41E+11,Ben Sherman Space Dye Plain Medieval Blue X Large,9,$0.00 ,Accessories
2.10E+11,8.41E+11,Oxford Lads Grey Stripe SS Grey Stripe Large,11,$85.00 ,Outerwear
2.10E+11,8.41E+11,Copy of Ben Sherman Space Dye Plain Medieval Blue Small,13,$22.00 ,Outerwear
2.10E+11,8.41E+11,Ben Sherman Short Sleeve Button Up MA11554A Sky Blue XX Large,18,$79.00 ,Men's
2.10E+11,8.41E+11,Oxford Lads Grey Stripe SS Grey Stripe X Large,18,$85.00 ,Outerwear
2.10E+11,8.41E+11,Farah Vintage Victor Short Sleeve Button Up Ecru Small,23,$85.00 ,Outerwear
2.10E+11,8.41E+11,Oxford Lads Diagonal SS Mutli Color Diagnal Stripe X Small,14,$79.00 ,Accessories
2.10E+11,8.41E+11,Oxford Lads Diagonal SS Mutli Color Diagnal Stripe Small,7,$79.00 ,Accessories
2.10E+11,8.41E+11,Farah Vintage Victor Short Sleeve Button Up Ecru Medium,9,$85.00 ,Accessories
2.10E+11,8.41E+11,Farah Vintage Victor Short Sleeve Button Up Ecru X Large,3,$85.00 ,Outerwear
2.10E+11,8.41E+11,Oxford Lads Diagonal SS Mutli Color Diagnal Stripe Medium,15,$79.00 ,Men's
2.10E+11,8.41E+11,Farah Vintage Victor Short Sleeve Button Up Ecru Large,12,$85.00 ,Outerwear
2.10E+11,8.41E+11,Farah Vintage Birch Short Sleeve Button Up Dark Indigo Small,18,$85.00 ,Women's
2.10E+11,8.41E+11,Farah Vintage Birch Short Sleeve Button Up Dark Indigo Medium,13,$85.00 ,Men's
2.10E+11,8.41E+11,Farah Vintage Birch Short Sleeve Button Up Dark Indigo Large,16,$85.00 ,Men's
2.10E+11,8.41E+11,Farah Vintage Birch Short Sleeve Button Up Dark Indigo X Large,18,$85.00 ,Outerwear
2.10E+11,8.41E+11,Billabong Dope Dyed SS Large,20,$59.95 ,Outerwear
2.10E+11,8.41E+11,Oxford Lads Diagonal SS Mutli Color Diagnal Stripe Large,15,$79.00 ,Women's
2.10E+11,8.40E+11,Farah Vintage Aragon SS Azealia Small,4,$85.00 ,Outerwear
2.10E+11,8.41E+11,Billabong Dope Dyed SS X-Large,7,$59.95 ,Men's
2.10E+11,8.41E+11,Oxford Lads Diagonal SS Mutli Color Diagnal Stripe X Large,5,$79.00 ,Outerwear
2.10E+11,8.41E+11,Farah Vintage Aragon SS Azealia Medium,17,$85.00 ,Men's
2.10E+11,8.41E+11,Billabong Dope Dyed SS XX-Large,1,$59.95 ,Women's
2.10E+11,8.41E+11,Globe Kulama Shirt Black Small,11,$65.00 ,Outerwear
2.10E+11,8.41E+11,Farah Vintage Aragon SS Azealia Large,21,$85.00 ,Accessories
2.10E+11,8.41E+11,Globe Kulama Shirt Black Medium,14,$65.00 ,Men's
2.10E+11,8.41E+11,Billabong Sheldon SS Small,21,$49.95 ,Accessories
2.10E+11,8.41E+11,Farah Vintage Aragon SS Azealia X Large,16,$85.00 ,Women's
2.10E+11,8.41E+11,Billabong Sheldon SS Medium,6,$49.95 ,Accessories
2.10E+11,8.41E+11,Globe Kulama Shirt Black Large,8,$65.00 ,Women's
2.10E+11,8.41E+11,Farah Vintage Godwin Short Sleeve Button Up Dark Indigo Small,5,$85.00 ,Accessories
2.10E+11,8.41E+11,Billabong Sheldon SS Large,22,$49.95 ,Women's
2.10E+11,8.41E+11,Globe Kulama Shirt Black X Large,23,$65.00 ,Women's
2.10E+11,8.41E+11,Farah Vintage Godwin Short Sleeve Button Up Dark Indigo Medium,1,$85.00 ,Outerwear
2.10E+11,8.41E+11,Globe Stem Shirt Black Small,16,$65.00 ,Men's
2.10E+11,8.41E+11,Billabong Sheldon SS X-Large,5,$49.95 ,Outerwear
2.10E+11,8.41E+11,Farah Vintage Godwin Short Sleeve Button Up Dark Indigo Large,2,$85.00 ,Women's
2.10E+11,8.41E+11,Globe Stem Shirt Black Medium,5,$65.00 ,Men's
2.10E+11,8.41E+11,Billabong Sheldon SS XX-Large,13,$49.95 ,Women's
2.10E+11,8.41E+11,Farah Vintage Godwin Short Sleeve Button Up Dark Indigo X Large,1,$85.00 ,Women's
2.10E+11,8.41E+11,Globe Stem Shirt Black Large,17,$65.00 ,Outerwear
2.10E+11,8.41E+11,Billabong Hatches SS Woven HYD Small,10,$59.95 ,Outerwear
2.10E+11,8.41E+11,Farah Vintage Forster Short Sleeve Button Up Navy Small,20,$85.00 ,Women's
2.10E+11,8.41E+11,Globe Stem Shirt Black X Large,8,$65.00 ,Outerwear
2.10E+11,8.41E+11,Billabong Hatches SS Woven HYD Medium,21,$59.95 ,Men's
2.10E+11,8.40E+11,Farah Vintage Forster Short Sleeve Button Up Navy Medium,21,$85.00 ,Men's
2.10E+11,8.41E+11,Globe Ridgeway Shirt Blue Small,9,$72.00 ,Accessories
2.10E+11,8.41E+11,Billabong Hatches SS Woven HYD Large,18,$59.95 ,Accessories
2.10E+11,8.41E+11,Farah Vintage Forster Short Sleeve Button Up Navy Large,6,$85.00 ,Women's
2.10E+11,8.41E+11,Globe Ridgeway Shirt Blue Large,14,$72.00 ,Women's
2.10E+11,8.41E+11,Billabong Hatches SS Woven HYD X Large,3,$59.95 ,Outerwear
2.10E+11,8.41E+11,Farah Vintage Forster Short Sleeve Button Up Navy X Large,18,$85.00 ,Men's
2.10E+11,8.41E+11,Globe Ridgeway Shirt Blue Medium,6,$72.00 ,Outerwear
2.10E+11,8.41E+11,Billabong Shifty SS Woven CHY Small,11,$54.95 ,Outerwear
2.10E+11,8.41E+11,RVCA Fletcher Blottler Short Sleeve Button Up VWT X Small,13,$60.00 ,Outerwear
2.10E+11,8.41E+11,Globe Ridgeway Shirt Blue X Large,14,$72.00 ,Men's
2.10E+11,8.41E+11,Billabong Shifty SS Woven CHY Medium,17,$54.95 ,Men's
2.10E+11,8.41E+11,RVCA Fletcher Blottler Short Sleeve Button Up VWT Small,8,$60.00 ,Women's
2.10E+11,8.41E+11,Globe Ridgeway Shirt Blue X Large,18,$72.00 ,Women's
2.10E+11,8.41E+11,Billabong Shifty SS Woven CHY Large,8,$54.95 ,Outerwear
2.10E+11,8.41E+11,RVCA Fletcher Blottler Short Sleeve Button Up VWT Medium,13,$60.00 ,Outerwear
2.10E+11,8.41E+11,RVCA Satisfaction SS X-Small,20,$55.00 ,Outerwear
2.10E+11,8.41E+11,Billabong Shifty SS Woven CHY X Large,6,$54.95 ,Women's
2.10E+11,8.41E+11,RVCA Fletcher Blottler Short Sleeve Button Up VWT Large,21,$60.00 ,Accessories
2.10E+11,8.41E+11,Billabong Shifty SS Woven CHY XX Large,5,$54.95 ,Accessories
2.10E+11,8.41E+11,RVCA Satisfaction SS Small,1,$55.00 ,Women's
2.10E+11,8.41E+11,RVCA Fletcher Blottler Short Sleeve Button Up VWT X Large,10,$60.00 ,Outerwear
2.10E+11,8.41E+11,RVCA SMOOTHED OUT S/S GRS X SMALL,13,$50.00 ,Accessories
2.10E+11,8.41E+11,RVCA Satisfaction SS Medium,18,$55.00 ,Women's
2.10E+11,8.41E+11,Billabong Shifty Woven Dark Gold Small,12,$54.95 ,Accessories
2.10E+11,8.41E+11,RVCA Satisfaction SS Large,18,$55.00 ,Men's
2.10E+11,8.41E+11,RVCA SMOOTHED OUT S/S GRS SMALL,20,$50.00 ,Women's
2.10E+11,8.41E+11,Billabong Shifty Woven Dark Gold Medium,10,$54.95 ,Accessories
2.10E+11,8.41E+11,RVCA Satisfaction SS X-Large,4,$55.00 ,Accessories
2.10E+11,8.41E+11,RVCA SMOOTHED OUT S/S GRS LARGE,7,$50.00 ,Women's
2.10E+11,8.41E+11,Billabong Shifty Woven Dark Gold Large,13,$54.95 ,Accessories
2.10E+11,8.41E+11,RVCA Jungle Leaves SS Small,17,$55.00 ,Outerwear
2.10E+11,8.41E+11,RVCA Smoothed Out SMOKED GREEN X LARGE,15,$50.00 ,Outerwear
2.10E+11,8.41E+11,RVCA Jungle Leaves SS Large,23,$55.00 ,Men's
2.10E+11,8.41E+11,RVCA SMOOTHED OUT S/S GRS XX LARGE,21,$50.00 ,Accessories
2.10E+11,8.41E+11,RVCA Jungle Leaves SS Medium,20,$55.00 ,Women's
2.10E+11,8.41E+11,RVCA SMOOTHED OUT S/S GRS MEDIUM,5,$50.00 ,Women's
2.10E+11,8.41E+11,RVCA Jungle Leaves SS X-Large,22,$55.00 ,Men's
2.10E+11,8.41E+11,Beanie Black,15,$18.00 ,Accessories
2.10E+11,8.41E+11,RVCA SMOOTHED OUT S/S GRS X LARGE,7,$50.00 ,Accessories
2.10E+11,8.41E+11,Billabong Dope Dyed SS Medium,20,$59.95 ,Outerwear
2.10E+11,8.41E+11,RVCA Devise Beanie Black,16,$24.00 ,Women's
2.10E+11,8.41E+11,HATCHES SS WOVEN HYDRO S,6,$54.95 ,Outerwear
2.10E+11,8.41E+11,RVCA Devise Beanie Blue,21,$24.00 ,Women's
2.10E+11,8.41E+11,Olive and Oique Sock Beanie Neck Warmer Burgandy,19,$32.00 ,Men's
2.10E+11,8.41E+11,RVCA Camdem BackBack,8,$80.00 ,Women's
2.10E+11,8.41E+11,Olive and Oique Sock Beanie Neck Warmer Black,13,$32.00 ,Women's
2.10E+11,8.41E+11,SHIFTY SS WOVEN CHAMBRAY M,3,$54.95 ,Accessories
2.10E+11,8.41E+11,Happy Socks Boxer Briefs  Black/Orange Small,8,$20.00 ,Women's
2.10E+11,8.41E+11,Olive and Oique Sock Beanie Neck Warmer Moss,7,$32.00 ,Accessories
2.10E+11,8.41E+11,STANDARD ISSUE SS PO INDIGO HEATHER XL,21,$39.95 ,Men's
2.10E+11,8.41E+11,Happy Socks Boxer Briefs  Black/Orange Medium,7,$20.00 ,Accessories
2.10E+11,8.41E+11,Happy Socks Boxer & Sock Set Large,6,$32.00 ,Accessories
2.10E+11,8.41E+11,STANDARD ISSUE SS PO INDIGO HEATHER L,14,$39.95 ,Outerwear
2.10E+11,8.41E+11,Happy Socks Boxer Briefs  Black/Orange Large,16,$20.00 ,Accessories
2.10E+11,8.41E+11,Farah Heasman Slim SS WE White Small,4,$85.00 ,Accessories
2.10E+11,8.41E+11,Happy Socks Boxer Briefs  Purple Small,3,$20.00 ,Women's
2.10E+11,8.41E+11,Happy Socks Boxer & Sock Set Medium,20,$32.00 ,Outerwear
2.10E+11,8.41E+11,Happy Socks Boxer Briefs  Black/White/Grey Small,14,$20.00 ,Accessories
2.10E+11,8.41E+11,Farah Heasman Slim SS WE White Medium,7,$85.00 ,Women's
2.10E+11,8.41E+11,Happy Socks Boxer & Sock Set Small,14,$32.00 ,Men's
2.10E+11,8.41E+11,Happy Socks Boxer Briefs  Blue/Aqua Small,7,$20.00 ,Outerwear
2.10E+11,8.41E+11,Farah Heasman Slim SS WE White Large,13,$85.00 ,Men's
2.10E+11,8.41E+11,Happy Socks Boxer & Sock Set X Large,18,$32.00 ,Outerwear
2.10E+11,8.41E+11,Happy Socks Boxer Briefs  Dark Grey Small,15,$20.00 ,Accessories
2.10E+11,8.41E+11,Farah Heasman Slim SS WE White X Large,21,$85.00 ,Women's
2.10E+11,8.40E+11,Leather Bracelets,7,$10.00 ,Men's
2.10E+11,8.41E+11,Happy Socks Boxer Briefs  Purple Medium,7,$20.00 ,Outerwear
2.10E+11,8.41E+11,Farah Heasman Slim SS WE White XX Large,4,$85.00 ,Outerwear
2.10E+11,8.41E+11,Nixon Carded Iphone 5 Case Black,23,$35.00 ,Outerwear
2.10E+11,8.41E+11,American Apparel Boxer Breifs X Large,12,$16.00 ,Accessories
2.10E+11,8.41E+11,Happy Socks Boxer Briefs  Blue/Aqua Medium,18,$20.00 ,Men's
2.10E+11,8.41E+11,Happy Socks Boxer Briefs  Black/White/Grey Medium,9,$20.00 ,Men's
2.10E+11,8.41E+11,Happy Socks Boxer  Large,10,$20.00 ,Accessories
2.10E+11,8.41E+11,Nixon Carded Iphone 5 Case Charcoal,18,$35.00 ,Outerwear
2.10E+11,8.41E+11,Happy Socks Boxer Briefs  Dark Grey Medium,22,$20.00 ,Men's
2.10E+11,8.41E+11,Happy Socks Boxer  Medium,10,$20.00 ,Outerwear
2.10E+11,8.41E+11,Nixon Carded Iphone 5 Case Navy,5,$35.00 ,Women's
2.10E+11,8.41E+11,Happy Socks Boxer Briefs  Purple Large,16,$20.00 ,Outerwear
2.10E+11,8.41E+11,Happy Socks Boxer  X Large,2,$20.00 ,Men's
2.10E+11,8.41E+11,Pocket Squares,21,$20.00 ,Outerwear
2.10E+11,8.41E+11,Happy Socks Boxer Briefs  Black/White/Grey Large,3,$20.00 ,Men's
2.10E+11,8.41E+11,Happy Socks Boxer Breif Large,10,$20.00 ,Outerwear
2.10E+11,8.41E+11,Farah Vintage Wash Bag True Navy,2,$32.00 ,Outerwear
2.10E+11,8.41E+11,Happy Socks Boxer Briefs  Blue/Aqua Large,4,$20.00 ,Accessories
2.10E+11,8.41E+11,Happy Socks Boxer Brief Medium,14,$20.00 ,Outerwear
2.10E+11,8.41E+11,Horace Trahan,11,$15.00 ,Accessories
2.10E+11,8.41E+11,Happy Socks Boxer Briefs  Dark Grey Large,7,$20.00 ,Outerwear
2.10E+11,8.41E+11,Two Guys Bowtie Flower Lapel Cambridge,11,$40.00 ,Men's
2.10E+11,8.41E+11,Happy Socks Boxer Breif X Large,9,$20.00 ,Outerwear
2.10E+11,8.41E+11,Happy Socks Boxer Briefs  Black/Orange X-Large,12,$20.00 ,Men's
2.10E+11,8.41E+11,Two Guy Bowtie Portland,4,$45.00 ,Accessories
2.10E+11,8.41E+11,Avva Dress Pants 31,20,$125.00 ,Men's
2.10E+11,8.41E+11,Happy Socks Boxer Briefs  Purple X-Large,12,$20.00 ,Accessories
2.10E+11,8.41E+11,Avva Dress Pants 32,12,$125.00 ,Women's
2.10E+11,8.41E+11,Stuller Ring,8,$150.00 ,Accessories
2.10E+11,8.41E+11,Happy Socks Boxer Briefs  Black/White/Grey X-Large,9,$20.00 ,Women's
2.10E+11,8.41E+11,Avva Dress Pants 33,12,$125.00 ,Accessories
2.10E+11,8.41E+11,Hammered Koenig Ring,22,$249.00 ,Women's
2.10E+11,8.41E+11,Happy Socks Boxer Briefs  Blue/Aqua X-Large,14,$20.00 ,Accessories
2.10E+11,8.41E+11,Avva Dress Pants 34,8,$125.00 ,Accessories
2.10E+11,8.41E+11,Hammered Offset Yellow Gold,17,$489.00 ,Outerwear
2.10E+11,8.41E+11,Happy Socks Boxer Briefs  Dark Grey X-Large,4,$20.00 ,Accessories
2.10E+11,8.41E+11,Avva Dress Pants 36,2,$125.00 ,Women's
2.10E+11,8.41E+11,Nixon Corporal SS White,13,$175.00 ,Accessories
2.10E+11,8.41E+11,Happy Socks Gift Set RED,14,$45.00 ,Women's
2.10E+11,8.41E+11,Avva Dress Pants 38,5,$125.00 ,Outerwear
2.10E+11,8.41E+11,Nixon Diplomat SS Gold/Black,5,$550.00 ,Men's
2.10E+11,8.41E+11,Happy Socks Gift Set Black,18,$45.00 ,Men's
2.10E+11,8.41E+11,Howe Personal Jesus Pant Solid Black 34,6,$99.00 ,Women's
2.10E+11,8.41E+11,Howe Slacks,7,$99.00 ,Men's
2.10E+11,8.41E+11,Spexton Hammered Ring Double Striped,9,$188.46 ,Men's
2.10E+11,8.41E+11,RNT23 Royal Blue Pants  34,1,$120.00 ,Outerwear
2.10E+11,8.41E+11,RNT23 Khaki Dress Slacks Khaki 34,12,$120.00 ,Men's
2.10E+11,8.41E+11,Shoreditch Green Geo Panel L/s Small,23,$105.00 ,Outerwear
2.10E+11,8.41E+11,Farah Endell Slim L/S  Sky Blue Small,18,$95.00 ,Women's
2.10E+11,8.41E+11,Shoreditch Green Geo Panel L/s Medium,23,$105.00 ,Accessories
2.10E+11,8.41E+11,Farah Endell Slim L/S  Sky Blue Medium,12,$95.00 ,Men's
2.10E+11,8.41E+11,Shoreditch Green Geo Panel L/s X-Large,8,$105.00 ,Women's
2.10E+11,8.41E+11,Farah Endell Slim L/S  Sky Blue Large,5,$95.00 ,Women's
2.10E+11,8.41E+11,Shoreditch Green Geo Panel L/s Large,1,$105.00 ,Women's
2.10E+11,8.41E+11,Farah Endell Slim L/S  Sky Blue X Large,3,$95.00 ,Women's
2.10E+11,8.41E+11,Howe No Truth L/S Dark Slate X-Large,12,$89.00 ,Women's
2.10E+11,8.41E+11,Farah Endell Slim L/S  True Navy Small,16,$95.00 ,Men's
2.10E+11,8.41E+11,Howe No Truth L/S Dark Slate Large,14,$89.00 ,Men's
2.10E+11,8.41E+11,Farah Endell Slim L/S  True Navy Medium,3,$95.00 ,Women's
2.10E+11,8.41E+11,Howe No Truth L/S Dark Slate Medium,10,$89.00 ,Accessories
2.10E+11,8.41E+11,Farah Endell Slim L/S  True Navy Large,1,$95.00 ,Outerwear
2.10E+11,8.41E+11,Howe No Truth L/S Dark Slate Small,16,$89.00 ,Accessories
2.10E+11,8.41E+11,Farah Endell Slim L/S  True Navy X Large,6,$95.00 ,Women's
2.10E+11,8.41E+11,Ben Sherman LS MA11909 Sky Blue Small,13,$119.00 ,Men's
2.10E+11,8.41E+11,Nixon Marquez L/S Shirt Light Blue Small,6,$60.00 ,Women's
2.10E+11,8.41E+11,Ben Sherman LS MA11909 Sky Blue Medium,13,$119.00 ,Outerwear
2.10E+11,8.41E+11,Nixon Marquez L/S Shirt Light Blue Medium,12,$60.00 ,Women's
2.10E+11,8.41E+11,Ben Sherman LS MA11909 Sky Blue X-Large,9,$119.00 ,Women's
2.10E+11,8.41E+11,Nixon Marquez L/S Shirt Light Blue Large,17,$60.00 ,Outerwear
2.10E+11,8.41E+11,Ben Sherman LS MA11909 Sky Blue Large,21,$119.00 ,Accessories
2.10E+11,8.41E+11,Nixon Marquez L/S Shirt Light Blue X Large,21,$60.00 ,Women's
2.10E+11,8.41E+11,Nixon Marquez L/S Shirt White Small,8,$60.00 ,Women's
2.10E+11,8.41E+11,Ben Sherman LS MA10838A London Brick Small,20,$85.00 ,Outerwear
2.10E+11,8.41E+11,Nixon Marquez L/S Shirt White Medium,10,$60.00 ,Accessories
2.10E+11,8.41E+11,Ben Sherman LS MA10838A London Brick Medium,22,$85.00 ,Men's
2.10E+11,8.41E+11,Ben Sherman LS MA10838A London Brick X-Large,9,$85.00 ,Outerwear
2.10E+11,8.41E+11,Nixon Marquez L/S Shirt White Large,22,$60.00 ,Accessories
2.10E+11,8.41E+11,Ben Sherman LS MA10838A London Brick Large,23,$85.00 ,Outerwear
2.10E+11,8.41E+11,Globe Clancy L/S Navy Small,21,$65.00 ,Outerwear
2.10E+11,8.41E+11,Ben Sherman LS MA10838A London Brick XX-Large,23,$85.00 ,Outerwear
2.10E+11,8.41E+11,Globe Clancy L/S Navy X-Large,8,$65.00 ,Accessories
2.10E+11,8.41E+11,Ben Sherman LS MA11909 Light Ash Small,14,$119.00 ,Men's
2.10E+11,8.41E+11,RNT23 L/S Button Down 4716 Black Dots Small,22,$105.00 ,Outerwear
2.10E+11,8.41E+11,Ben Sherman LS MA11909 Light Ash Medium,22,$119.00 ,Men's
2.10E+11,8.41E+11,RNT23 L/S Button Down 4716 Black Dots X-Large,6,$105.00 ,Outerwear
2.10E+11,8.41E+11,RNT23 L/S Button Down 4716 Black Dots Large,14,$105.00 ,Women's
2.10E+11,8.41E+11,Ben Sherman LS MA11909 Light Ash X-Large,22,$119.00 ,Outerwear
2.10E+11,8.41E+11,RNT23 L/S Button Down 4716 Navy Dots Small,19,$105.00 ,Accessories
2.10E+11,8.41E+11,Ben Sherman LS MA11909 Light Ash Large,9,$119.00 ,Accessories
2.10E+11,8.41E+11,RNT23 L/S Button Down 4716 Navy Dots Large,19,$105.00 ,Men's
2.10E+11,8.41E+11,Farah Ravenscroft Slim L/S RC Rectory Small,2,$95.00 ,Women's
2.10E+11,8.41E+11,RNT23 L/S Button Down 4716 Navy Dots X-Large,15,$105.00 ,Women's
2.10E+11,8.41E+11,Farah Ravenscroft Slim L/S RC Rectory Medium,6,$95.00 ,Accessories
2.10E+11,8.41E+11,RNT23 L/S Button Down 4716 Navy Dots Medium,9,$105.00 ,Accessories
2.10E+11,8.41E+11,Farah Ravenscroft Slim L/S RC Rectory Large,8,$95.00 ,Outerwear
2.10E+11,8.41E+11,Farah Ravenscroft Slim L/S RC Rectory X Large,9,$95.00 ,Women's
2.10E+11,8.41E+11,RNT23 L/S Button Down 4716 Red Squares Small,4,$105.00 ,Women's
